{
    "runner_fn": "merge_datasets",
    "merge_ds.dataset_paths": ["assets/sample_data_1.jsonl", "assets/sample_data_2.jsonl"],
    "merge_ds.source_fields": ["text", "text"],
    "merge_ds.fields_to_retain": [],
    "merge_ds.destination_field": "text",
    "merge_ds.origin_field_name": "source_dataset",
    "merge_ds.origin_to_add": null,
    "merge_ds.proportions": [0.5, 0.5],
    "merge_ds.max_tokens": ["openlm-research/open_llama_3b_v2", 1000],
    "merge_ds.preshuffle_files": false,
    "merge_ds.random_shuffle": true,
    "merge_ds.destination_path": "assets/test.jsonl",
    "merge_ds.seed": 42
}