{
    "runner_fn": "splice_main",
    "splice_main.source_dataset_mode": "file",
    "splice_main.source_dataset": "assets/sample_data_3.jsonl",
    "splice_main.source_dataset_subset": null,
    "splice_main.source_dataset_split": null,
    "splice_main.destination_dataset_path": "assets/tmp/splice_test.contriever.jsonl",
    "splice_main.content_field": "text",
    "splice_main.min_len_in_chars": 0,
    "splice_main.aggregate_mode": "contrievermsmarco",
    "splice_main.topk": 1,
    "splice_main.topk_sample": null,
    "splice_main.reverse_tree": false,
    "splice_main.random_shuffle_tree": false,
    "splice_main.max_doc_chars": 8000,
    "splice_main.max_total_chars": 999999999999,
    "splice_main.precompute": true,
    "splice_main.stop_fraction": 1.0,
    "splice_main.take_char_prefix": 100000,
    "splice_main.tokenizer_path": null,
    "splice_main.prefilter_max_doc_chars": 60000,
    "get_retriever.retriever_kwargs": {
        "batch_size": 256,
        "index_spec": {"spec_str": "IVF16,Flat", "kwargs": {}, "params": {}}
    }
}
